id,userid
2767,user_2mePtBmb3vnaRfBBd3xjIZAhusY
4110,user_2wPGmM8C5BkvEi6hDZKk6gCAbcr
4338,user_2xlHrdH3oCU9C1GvVcGfRE43mmv
4449,user_2yPtLMHQBE0KmP0txZrMKv6uRRd
75,user_26C64C3ChwrkJ3VTDVmLkjzYIDo
518,user_2Ai2TIx4ESEWYNcWnR79n7khxxk
516,user_2AgrawmohLAHd8AOmUbCq52xnuS
72,user_27mx2U73SiEB3v6BaTxqgGWjwyf
613,user_2CUDUSrZITiPQ0HUE8kQk41DfYz
533,user_2BTdH3yJshxoCcFIUW8PnMp4AJJ
814,user_2GiRTZuoWsxKnoyZPCnPR6oDp4z
1059,user_2LkRcjsoVUpcnka4V3BWsW40Dza
517,user_2Ai2NbZTMlxDi2SSI9M8xNShTOu
1146,user_2NQKUgZ8l3F0E6DwXvEQXNLT6lK
1186,user_2OHksnocyrsTA3AEm2jJ6SIDtne
1078,user_2M90Z5KlzVgpgGJHdPm4tqiLi5Q
1653,user_2VzQ6QVNW16r01AqBSrhbQp2lsX
1422,user_2SR8UYL7VDbMALFwbnmUKP1mVIs
1722,user_2WzQZQeEhM2ZrVPyN6XmsYYCDWu
1909,user_2bUvcuqFaiVkF8Uq6GSd93UJSCd
2186,user_2fKRhL4tS4pXPrcks8CRKHVfZXU
1929,user_2bmHaHSTA1FuVoWOJU11Tm0vdss
2287,user_2gs1lMAVBjV7ZOuI5e8hQTqfegX
2299,user_2hBjGa7foD6A7z5jQXs7RbHK1GX
2458,user_2iys5M5Q7dmG8bsBmKaSMHSSXKT
2029,user_2d3EEBcLuFqRI3lgZqU5uLvsGki
1170,user_2NxhlzBMjLIEVPxYR9HuDS0MHyO
1773,user_2YFxWsOL5hzNwc4CR5giAfrr6TT
1723,user_2X1FapN3v9d6Tm0LXPjAUn8yHH0
2846,user_2nSs69Kf0LblskqIup1zeIAC7Tm
2843,user_2nROVj3wowODqLgYr428wmjudif
1626,user_2VaDvl9NlahcyQcNjEXQkUeF9yU
3159,user_2rZih10Mwauzpdu9arEVyE9MZKG
611,user_2CU4WKErIgNA2ntiRJXnrGXe49P
1873,user_2aqRWS3GFzGY0tBfLZoSOfSc8Ii
2504,user_2jatqygwQlk8dRBMt1EPvTO7Snz
4414,user_2yHJs457zCdL2SvvtVXslxxE2XT
4293,user_2xV0Aum49lralggoJX4h9OBP1Dh
4460,user_2yYW8TeINupfYfApLQ89GeDoKw1
4656,user_2zXQp6geozUZUkV40E7iKo2Qnap
71,user_28hSN7d6yzZg0n05m6TZdKgQdCh
2393,user_2iNgZ3qQ9KLZD8S21d8OtF4f4uR
588,user_2Bwqvvlp1U3m5BLKByhdhH6aqEj
2699,user_2ly8O2rUwxDIPHVfTNElH3uWFrh
4141,user_2wfPopnM63Vb8Zt3Y1wIu3kTtll
1406,user_2SAo7nxT8EoPJNI2jC903mRmPrc
1397,user_2S9Bohcm2sN846TTrc8v7xTmBpg
1478,user_2TOEoyszrLoBI35MG73wQMcGI6P
1429,user_2SXH5K9OmdlJ0QBbe8fKqSx6eVE
1464,user_2T7atNZumHyBKweoPTY2NVSUJi6
1420,user_2SOIRgCMGzuyNjTAqpF87Bt4c1U
1465,user_2T7bSdtkau6q6E2RyhpRwnqlDVc
700,user_2EXlK7qVUUpGNiBQyKgy5qx9a7m
699,user_2EXVrvQ1aFwl0MEqhbTiD5oYw5t
581,user_2BvnMjDCUODB9Ws3B3VDPBvYmHo
1130,user_2N6eIflF7czPsCp8EiTLP68XlTq
1125,user_2N3XnAJEn0bjXtigWdQpoSpeLu4
698,user_2EWodP9Aq3MNXEUtIH27LQkW258
1132,user_2N9II4voHjeU1lIz4VLsuMpWsHG
1133,user_2N9V0jy7PPmIOfaur6JUhB9YvBP
1141,user_2NKZKFGjcRKR5ylFlytJ7oLqFIy
1142,user_2NMhrVQ6IFJSyPB0WmEIJ80zBeu
1119,user_2MySI9JtVRkTh5eDpq322FlIK1f
1113,user_2MqHLQFtuh9r6mytU3cTlasUFmD
678,user_2EA5QNCRKt3sBr3QRnL3ILKqy8g
578,user_2Btf4wyiOLfPZz1ULzfIbC2vPWd
1112,user_2MqAQzwlWPhAsn30YTBc1j021zQ
1111,user_2MprTRw7bMRmxJA3CxzSECWz3co
671,user_2DtBvPlotHRd3CyGgHTdGpXZ07d
1110,user_2MpSLlPRxJQPiRqp6b5UQ6MUsBr
661,user_2DiDwuLkVvNlFJbXICAn44vRIa9
1067,user_2LpE3oPXvo0KHeGBDHuNmKviGYY
642,user_2DPIdM6zgkcriSCqvLeXhkJS7PT
1056,user_2LhTEeURWGP6GHPMrHtwVKf3djj
1347,user_2RWBcfTxht0qkpqLR5C0tBLesAD
1049,user_2LgxTLrJiqdBlDWelA8w8C7BoMi
629,user_2D7qy7jacAxkDTj7mQUs7t31CFM
566,user_2BqTgnmWMmKrtiV7IKODZOsloBB
539,user_2BWcyhfpYyQdIxXAMZ5yY0mgqix
999,user_2Kmr4VVE74lEF9SVIZocYgX9NtD
976,user_2KT4Y3iD2pGO8OWy6cWa9UrDvn6
626,user_2Cwm0ktspX9JYcaw5UTQLzB0ipS
968,user_2KPBiZE2zbiBrKGGfp0DYFxjVia
1285,user_2QCpjAl3KYngkZaUCTC79paCWFx
1277,user_2PyZ3BWBDW0A8CGW0THchdUS3y0
936,user_2JxiLwtJJkVldKxEmQy66SviO3Y
625,user_2Ctx0FlbtgAltJAiDkZqZ5rQoHn
1272,user_2PuYGo9CMopgunmahpMWSCH3M03
1289,user_2QIK3pOqMzZt3PJhG8eIpQQcNSG
1292,user_2QTS5XLosbVxU6ZK0rk1kxpxYYd
1298,user_2QW7442qAy4xOqAGmLANWBb3iam
1299,user_2QW8ToXe3YEVs7F9cg0OjkXHZdg
1333,user_2Qxy2tt5FPGrEOAf3xEpMfZpwR9
1345,user_2RUeERgCE45bIhOVxM9ae2pt51T
1258,user_2Pp8d0fYrrAmHQ2H6wWAnCqzk4a
1362,user_2RnsxnMDtIReEwvhHJLczNFOt52
1383,user_2S1SwJNSVFzgZLPH2ZcWVxM1WdM
929,user_2JpAGjhs6MHWAvD5IKs5BOa1VOO
1256,user_2PozhaV5IV9oih76sExEiGHUhVq
1252,user_2Pbmm5UrXTZmRU4u9FFLzLsixbY